{"cameraMode":{"drawMode":0,"name":"Shaded","section":"Shading Mode"},"sceneLighting":true,"audioPlay":false,"sceneViewState":{"showFog":true,"showMaterialUpdate":false,"showSkybox":true,"showFlares":true,"showImageEffects":true,"showParticleSystems":true},"in2DMode":false,"pivot":{"x":1.8608039617538453,"y":-2.578106164932251,"z":3.964651584625244},"rotation":{"x":0.06670623272657395,"y":0.1476178616285324,"z":-0.009979279711842537,"w":0.986741840839386},"size":9.764050483703614,"orthographic":false}