{"cameraMode":{"drawMode":0,"name":"Shaded","section":"Shading Mode"},"sceneLighting":true,"audioPlay":false,"sceneViewState":{"showFog":true,"showMaterialUpdate":false,"showSkybox":true,"showFlares":true,"showImageEffects":true,"showParticleSystems":true},"in2DMode":false,"pivot":{"x":1.595211386680603,"y":5.089066505432129,"z":-6.857068061828613},"rotation":{"x":0.3368770182132721,"y":-0.11903557181358338,"z":0.04298042133450508,"w":0.9330030679702759},"size":0.5740097761154175,"orthographic":false}